MSE_Weight,SSIM_Weight,rec_weights,Val_Loss,mean_distance
0.4,0.0,0.3,0.11193011701107025,154.86012
0.4,0.0,0.5,0.1007075123488903,117.07736
0.4,0.0,0.7,0.10129661485552788,201.97943
0.4,0.0,1.0,0.12075195088982582,156.15085
0.4,0.2,0.3,0.2667183578014374,113.81181
0.4,0.2,0.5,0.2563610225915909,182.83301
0.4,0.2,0.7,0.30033227801322937,207.65547
0.4,0.2,1.0,0.30345776677131653,125.1368
0.4,0.3,0.3,0.3599262237548828,158.1381
0.4,0.3,0.5,0.3426249623298645,140.8348
0.4,0.3,0.7,0.3706319183111191,143.24544
0.4,0.3,1.0,0.3575427532196045,123.55829
0.4,0.4,0.3,0.45230093598365784,101.24599
0.4,0.4,0.5,0.425985723733902,114.34702
0.4,0.4,0.7,0.44991566240787506,186.14363
0.4,0.4,1.0,0.4295058101415634,131.71439
0.4,0.5,0.3,0.5000089704990387,138.27316
0.4,0.5,0.5,0.51933753490448,91.99078
0.4,0.5,0.7,0.536565363407135,132.04817
0.4,0.5,1.0,0.5207768976688385,137.93752
0.4,0.6,0.3,0.5450877547264099,95.225334
0.4,0.6,0.5,0.587169736623764,196.56198
0.4,0.6,0.7,0.6299938857555389,150.69777
0.4,0.6,1.0,0.5620889663696289,115.18035
0.5,0.0,0.3,0.11645625531673431,117.26874
0.5,0.0,0.5,0.1173318400979042,224.36415
0.5,0.0,0.7,0.16235820949077606,128.68562
0.5,0.0,1.0,0.13799399137496948,167.73412
0.5,0.2,0.3,0.2980693131685257,146.78923
0.5,0.2,0.5,0.2845389246940613,161.49084
0.5,0.2,0.7,0.28934337198734283,157.92494
0.5,0.2,1.0,0.2915141433477402,138.79712
0.5,0.3,0.3,0.34901122748851776,129.947
0.5,0.3,0.5,0.3957945704460144,196.6444
0.5,0.3,0.7,0.3812079429626465,186.85565
0.5,0.3,1.0,0.3841007649898529,149.63113
0.5,0.4,0.3,0.4482499212026596,147.90532
0.5,0.4,0.5,0.457785964012146,125.742226
0.5,0.4,0.7,0.4879296123981476,134.17274
0.5,0.4,1.0,0.4858911335468292,149.83092
0.5,0.5,0.3,0.5147660374641418,99.55775
0.5,0.5,0.5,0.5465787053108215,154.87762
0.5,0.5,0.7,0.5268437564373016,170.56544
0.5,0.5,1.0,0.5207971036434174,201.90004
0.5,0.6,0.3,0.5658085644245148,185.74257
0.5,0.6,0.5,0.5865351557731628,163.3548
0.5,0.6,0.7,0.5979265868663788,189.01181
0.5,0.6,1.0,0.6164957284927368,186.53444
0.6,0.0,0.3,0.16221057623624802,133.47937
0.6,0.0,0.5,0.14257731288671494,123.432724
0.6,0.0,0.7,0.14475269615650177,141.64775
0.6,0.0,1.0,0.1207631379365921,109.95216
0.6,0.2,0.3,0.2675611525774002,111.70095
0.6,0.2,0.5,0.30262692272663116,156.49203
0.6,0.2,0.7,0.32625892758369446,111.6473
0.6,0.2,1.0,0.30001942813396454,105.08453
0.6,0.3,0.3,0.3416614830493927,149.83025
0.6,0.3,0.5,0.37201307713985443,157.97221
0.6,0.3,0.7,0.36200518906116486,185.32994
0.6,0.3,1.0,0.39998970925807953,171.05025
0.6,0.4,0.3,0.3994552046060562,143.86023
0.6,0.4,0.5,0.4903334975242615,85.89019
0.6,0.4,0.7,0.47377361357212067,155.14717
0.6,0.4,1.0,0.48373204469680786,172.66188
0.6,0.5,0.3,0.5175299644470215,141.99446
0.6,0.5,0.5,0.5765942931175232,158.4211
0.6,0.5,0.7,0.5739844441413879,193.25874
0.6,0.5,1.0,0.5503387451171875,114.697
0.6,0.6,0.3,0.599523663520813,127.183464
0.6,0.6,0.5,0.6433105766773224,112.541725
0.6,0.6,0.7,0.5811341404914856,123.99425
0.6,0.6,1.0,0.6254794597625732,135.93152
0.7,0.0,0.3,0.1986849382519722,151.76204
0.7,0.0,0.5,0.1872469112277031,139.12595
0.7,0.0,0.7,0.17125988006591797,128.94601
0.7,0.0,1.0,0.15824978053569794,135.99303
0.7,0.2,0.3,0.3226219117641449,143.4275
0.7,0.2,0.5,0.3714418113231659,91.510376
0.7,0.2,0.7,0.3475482314825058,172.51547
0.7,0.2,1.0,0.3033529818058014,128.24489
0.7,0.3,0.3,0.35108889639377594,110.00075
0.7,0.3,0.5,0.43742330372333527,172.25003
0.7,0.3,0.7,0.413069024682045,165.16864
0.7,0.3,1.0,0.4095589965581894,241.16205
0.7,0.4,0.3,0.4385892450809479,150.4307
0.7,0.4,0.5,0.5005567222833633,133.88148
0.7,0.4,0.7,0.4802776873111725,166.32875
0.7,0.4,1.0,0.4991483986377716,127.51335
0.7,0.5,0.3,0.5277270972728729,133.87047
0.7,0.5,0.5,0.5388515293598175,280.632
0.7,0.5,0.7,0.5484705567359924,134.04721
0.7,0.5,1.0,0.5845762491226196,189.79143
0.7,0.6,0.3,0.5857137739658356,127.54143
0.7,0.6,0.5,0.6364713609218597,115.75511
0.7,0.6,0.7,0.6408176124095917,158.93166
0.7,0.6,1.0,0.6587364673614502,180.21608
0.8,0.0,0.3,0.14795631915330887,126.51611
0.8,0.0,0.5,0.16125138849020004,150.62033
0.8,0.0,0.7,0.18035569041967392,107.87948
0.8,0.0,1.0,0.21238884329795837,172.52394
0.8,0.2,0.3,0.31377220153808594,133.27885
0.8,0.2,0.5,0.3047787994146347,132.96878
0.8,0.2,0.7,0.3586251586675644,179.20139
0.8,0.2,1.0,0.3179764598608017,148.32724
0.8,0.3,0.3,0.4368966817855835,122.323814
0.8,0.3,0.5,0.43741104006767273,141.63872
0.8,0.3,0.7,0.40223826467990875,123.60855
0.8,0.3,1.0,0.4625002443790436,108.020836
0.8,0.4,0.3,0.5029917657375336,101.29604
0.8,0.4,0.5,0.5175025165081024,152.6754
0.8,0.4,0.7,0.4722178727388382,151.80344
0.8,0.4,1.0,0.5767605602741241,162.95897
0.8,0.5,0.3,0.58184614777565,176.56746
0.8,0.5,0.5,0.582225114107132,129.09375
0.8,0.5,0.7,0.6027027666568756,145.72736
0.8,0.5,1.0,0.5663504898548126,134.03694
0.8,0.6,0.3,0.6723670363426208,110.47177
0.8,0.6,0.5,0.5928163528442383,130.46927
0.8,0.6,0.7,0.6165332794189453,105.88508
0.8,0.6,1.0,0.7042718827724457,164.5732
